<?xml version="1.0" encoding="UTF-8"?>
<!DOCTYPE mapper PUBLIC "-//mybatis.org//DTD Mapper 3.0//EN" "http://mybatis.org/dtd/mybatis-3-mapper.dtd">
<mapper namespace="com.nmys.story.mapper.ContentsMapper">
    <resultMap id="BaseResultMap" type="com.nmys.story.model.entity.Contents">
        <id column="cid" jdbcType="INTEGER" property="cid" />
        <result column="title" jdbcType="INTEGER" property="title" />
        <result column="slug" jdbcType="VARCHAR" property="slug" />
        <result column="created" jdbcType="INTEGER" property="created" />
        <result column="modified" jdbcType="INTEGER" property="modified" />
        <result column="content" jdbcType="VARCHAR" property="content" />
        <result column="author_id" jdbcType="INTEGER" property="authorId" />
        <result column="hits" jdbcType="INTEGER" property="hits" />
        <result column="type" jdbcType="VARCHAR" property="type" />
        <result column="fmt_type" jdbcType="VARCHAR" property="fmtType" />
        <result column="thumb_img" jdbcType="VARCHAR" property="thumbImg" />
        <result column="tags" jdbcType="VARCHAR" property="tags" />
        <result column="categories" jdbcType="VARCHAR" property="categories" />
        <result column="status" jdbcType="VARCHAR" property="status" />
        <result column="comments_num" jdbcType="INTEGER" property="commentsNum" />
        <result column="allow_comment" jdbcType="INTEGER" property="allowComment" />
        <result column="allow_ping" jdbcType="INTEGER" property="allowPing" />
        <result column="allow_feed" jdbcType="INTEGER" property="allowFeed" />
    </resultMap>


    <insert id="saveContent" parameterType="com.nmys.story.model.entity.Contents" useGeneratedKeys="true" keyProperty="cid">
        insert into t_contents (cid, title, slug,
        created, modified, author_id,
        type, status, tags,
        categories, hits, comments_num,
        allow_comment, allow_ping, allow_feed,
        content)
        values (#{cid,jdbcType=INTEGER}, #{title,jdbcType=VARCHAR}, #{slug,jdbcType=VARCHAR},
        #{created,jdbcType=INTEGER}, #{modified,jdbcType=INTEGER}, #{authorId,jdbcType=INTEGER},
        #{type,jdbcType=VARCHAR}, #{status,jdbcType=VARCHAR}, #{tags,jdbcType=VARCHAR},
        #{categories,jdbcType=VARCHAR}, #{hits,jdbcType=INTEGER}, #{commentsNum,jdbcType=INTEGER},
        #{allowComment,jdbcType=INTEGER}, #{allowPing,jdbcType=INTEGER}, #{allowFeed,jdbcType=INTEGER},
        #{content,jdbcType=LONGVARCHAR})
    </insert>


    <update id="updateContent" parameterType="com.nmys.story.model.entity.Contents">
        update t_contents
        <set>
            <if test="title != null">
                title = #{title,jdbcType=VARCHAR},
            </if>
            <if test="slug != null">
                slug = #{slug,jdbcType=VARCHAR},
            </if>
            <if test="created != null">
                created = #{created,jdbcType=INTEGER},
            </if>
            <if test="modified != null">
                modified = #{modified,jdbcType=INTEGER},
            </if>
            <if test="authorId != null">
                author_id = #{authorId,jdbcType=INTEGER},
            </if>
            <if test="type != null">
                type = #{type,jdbcType=VARCHAR},
            </if>
            <if test="status != null">
                status = #{status,jdbcType=VARCHAR},
            </if>
            <if test="tags != null">
                tags = #{tags,jdbcType=VARCHAR},
            </if>
            <if test="fmtType != null">
                fmt_type = #{fmtType,jdbcType=VARCHAR},
            </if>
            <if test="thumbImg != null">
                thumb_img = #{thumbImg,jdbcType=VARCHAR},
            </if>
            <if test="categories != null">
                categories = #{categories,jdbcType=VARCHAR},
            </if>
            <if test="hits != null">
                hits = #{hits,jdbcType=INTEGER},
            </if>
            <if test="commentsNum != null">
                comments_num = #{commentsNum,jdbcType=INTEGER},
            </if>
            <if test="allowComment != null">
                allow_comment = #{allowComment,jdbcType=INTEGER},
            </if>
            <if test="allowPing != null">
                allow_ping = #{allowPing,jdbcType=INTEGER},
            </if>
            <if test="allowFeed != null">
                allow_feed = #{allowFeed,jdbcType=INTEGER},
            </if>
            <if test="content != null">
                content = #{content,jdbcType=LONGVARCHAR},
            </if>
        </set>
        where cid = #{cid,jdbcType=INTEGER}
    </update>


    <delete id="delContentById" parameterType="java.lang.Integer">
        DELETE FROM t_contents
        WHERE cid = #{id,jdbcType=INTEGER}
    </delete>


    <!--<insert id="saveComment" parameterType="com.nmys.story.model.entity.Comments" useGeneratedKeys="true" keyProperty="coid">-->
        <!--insert into t_comments (coid, cid, created,-->
        <!--author, author_id, owner_id,-->
        <!--mail, url, ip, agent,-->
        <!--type, status, parent,-->
        <!--content)-->
        <!--values (#{coid,jdbcType=INTEGER}, #{cid,jdbcType=INTEGER}, #{created,jdbcType=INTEGER},-->
        <!--#{author,jdbcType=VARCHAR}, #{author_id,jdbcType=INTEGER}, #{owner_id,jdbcType=INTEGER},-->
        <!--#{mail,jdbcType=VARCHAR}, #{url,jdbcType=VARCHAR}, #{ip,jdbcType=VARCHAR},-->
        <!--#{agent,jdbcType=VARCHAR}, #{type,jdbcType=VARCHAR}, #{status,jdbcType=VARCHAR},-->
        <!--#{parent,jdbcType=INTEGER}, #{content,jdbcType=LONGVARCHAR})-->
    <!--</insert>-->

    <!--<delete id="delCommentById">-->
        <!--DELETE FROM t_comments WHERE coid = #{id}-->
    <!--</delete>-->

    <!--<insert id="saveUser" parameterType="com.nmys.story.model.entity.Users" useGeneratedKeys="true" keyProperty="uid">-->
    <!--INSERT INTO t_users (uid, username, password,-->
    <!--email, home_url, screen_name,-->
    <!--created, activated, logged,-->
    <!--group_name)-->
    <!--VALUES (#{uid,jdbcType=INTEGER}, #{username,jdbcType=VARCHAR}, #{password,jdbcType=VARCHAR},-->
    <!--#{email,jdbcType=VARCHAR}, #{home_url,jdbcType=VARCHAR}, #{screen_name,jdbcType=VARCHAR},-->
    <!--#{created,jdbcType=INTEGER}, #{activated,jdbcType=INTEGER}, #{logged,jdbcType=INTEGER},-->
    <!--#{group_name,jdbcType=VARCHAR})-->
    <!--</insert>-->

    <!--<select id="getUserByUserNameAndPassword" resultMap="BaseResultMap">-->
    <!--SELECT * FROM t_users WHERE username = #{username} and password = #{password}-->
    <!--</select>-->

    <!--<select id="selectUserByUsername" resultMap="BaseResultMap">-->
    <!--SELECT * FROM t_users WHERE username = #{username}-->
    <!--</select>-->

    <!--<select id="selectCommentCount" resultType="java.lang.Integer">-->
        <!--SELECT count(*) FROM t_comments-->
    <!--</select>-->

    <!--<select id="selectCommentByid" resultMap="BaseResultMap">-->
        <!--SELECT * from t_comments WHERE cid = #{id}-->
    <!--</select>-->

    <!--<select id="selectNewComments" resultMap="BaseResultMap">-->
        <!--SELECT * FROM  t_comments ORDER BY created DESC-->
    <!--</select>-->
    <select id="getContentsByType" resultMap="BaseResultMap">
        SELECT * from t_contents WHERE type = #{type} AND status = #{status} ORDER BY created DESC
    </select>

    <select id="getContentById" resultMap="BaseResultMap">
        SELECT * FROM t_contents WHERE cid = #{id}
    </select>

    <resultMap id="archiveBoMap" type="com.nmys.story.model.dto.Archive">
        <id column="date" property="date"/>
        <result column="count" property="count"/>
    </resultMap>

    <select id="selectArchive" resultMap="archiveBoMap">
        select FROM_UNIXTIME(created, '%Y年%m月') as date, count(*) as count from t_contents where type = 'post' and status = 'publish' group by date order by date desc
    </select>

    <select id="getContentsByConditions" resultMap="BaseResultMap">
        SELECT cid,slug,title,created FROM t_contents WHERE type = #{type} and status = #{status} and created &gt; #{startTime} and created &lt; #{endTime}
    </select>

    <select id="getContentBySlug" resultMap="BaseResultMap">
        SELECT * FROM t_contents WHERE slug = #{slug}
    </select>

    <select id="getContentsConditions" resultMap="BaseResultMap">
        SELECT * FROM t_contents WHERE type = #{type}
        <if test="userId != -1">
            and author_id = #{userId,jdbcType=INTEGER}
        </if>

        order by created desc
    </select>

    <select id="selectContentByConditions" resultType="java.lang.Long">
        SELECT count(*) FROM t_contents WHERE type= #{type} and slug = #{slug}
    </select>

    <select id="getContentsListByMetaId" resultMap="BaseResultMap" parameterType="java.lang.Integer">
        select a.*
        from t_contents a left join t_relationships b on a.cid = b.cid
        where b.mid = #{mid} and a.status = 'publish' and a.type = 'post'
        order by a.created desc
    </select>

    <select id="searchContentByTitle" resultMap="BaseResultMap">
        SELECT * FROM t_contents WHERE tags LIKE CONCAT('%',#{title},'%') AND type = #{type} and status = #{status}
    </select>

</mapper>